{
    "version": "1.0",
    "total_fonts": 11,
    "fonts": {
        "Bangers": {
            "display_name": "Bangers",
            "category": "display",
            "use_case": ["coloring_book", "kids", "titles", "covers"],
            "license": "licenses/Bangers-LICENSE.txt",
            "variants": {
                "Regular": "Bangers/Bangers-Regular.ttf"
            }
        },
        "ComicNeue": {
            "display_name": "Comic Neue",
            "category": "handwriting",
            "use_case": ["coloring_book", "kids", "casual", "wordsearch"],
            "license": "licenses/ComicNeue-LICENSE.txt",
            "variants": {
                "Regular": "ComicNeue/ComicNeue-Regular.ttf",
                "Bold": "ComicNeue/ComicNeue-Bold.ttf",
                "Italic": "ComicNeue/ComicNeue-Italic.ttf",
                "BoldItalic": "ComicNeue/ComicNeue-BoldItalic.ttf"
            }
        },
        "FredokaOne": {
            "display_name": "Fredoka One",
            "category": "display",
            "use_case": ["coloring_book", "kids", "titles", "covers"],
            "license": "licenses/FredokaOne-LICENSE.txt",
            "variants": {
                "Regular": "FredokaOne/FredokaOne-Regular.ttf"
            }
        },
        "Lora": {
            "display_name": "Lora",
            "category": "serif",
            "use_case": ["ebook", "body_text", "covers", "formal"],
            "license": "licenses/Lora-LICENSE.txt",
            "variants": {
                "Regular": "Lora/Lora-Regular.ttf",
                "Bold": "Lora/Lora-Bold.ttf",
                "Italic": "Lora/Lora-Italic.ttf",
                "BoldItalic": "Lora/Lora-BoldItalic.ttf"
            }
        },
        "Merriweather": {
            "display_name": "Merriweather",
            "category": "serif",
            "use_case": ["ebook", "body_text", "covers", "formal"],
            "license": "licenses/Merriweather-LICENSE.txt",
            "variants": {
                "Regular": "Merriweather/Merriweather_24pt-Regular.ttf",
                "Bold": "Merriweather/Merriweather_24pt-Bold.ttf",
                "Italic": "Merriweather/Merriweather_24pt-Italic.ttf",
                "BoldItalic": "Merriweather/Merriweather_24pt-BoldItalic.ttf"
            }
        },
        "OpenSans": {
            "display_name": "Open Sans Condensed",
            "category": "sans-serif",
            "use_case": ["general", "ebook", "wordsearch", "body_text"],
            "license": "licenses/OpenSans-LICENSE.txt",
            "variants": {
                "Regular": "OpenSans/OpenSans-Regular.ttf",
                "Bold": "OpenSans/OpenSans-Bold.ttf",
                "Italic": "OpenSans/OpenSans-Italic.ttf",
                "BoldItalic": "OpenSans/OpenSans-BoldItalic.ttf"
            }
        },
        "Oswald": {
            "display_name": "Oswald",
            "category": "sans-serif",
            "use_case": ["titles", "covers", "headings", "wordsearch"],
            "license": "licenses/Oswald-LICENSE.txt",
            "variants": {
                "Regular": "Oswald/Oswald-Regular.ttf",
                "Bold": "Oswald/Oswald-Bold.ttf"
            }
        },
        "PatrickHand": {
            "display_name": "Patrick Hand",
            "category": "handwriting",
            "use_case": ["coloring_book", "kids", "casual", "handwritten"],
            "license": "licenses/PatrickHand-LICENSE.txt",
            "variants": {
                "Regular": "PatrickHand/PatrickHand-Regular.ttf"
            }
        },
        "PlayfairDisplay": {
            "display_name": "Playfair Display",
            "category": "serif",
            "use_case": ["ebook", "covers", "titles", "formal", "elegant"],
            "license": "licenses/PlayfairDisplay-LICENSE.txt",
            "variants": {
                "Regular": "PlayfairDisplay/PlayfairDisplay-Regular.ttf",
                "Bold": "PlayfairDisplay/PlayfairDisplay-Bold.ttf",
                "Italic": "PlayfairDisplay/PlayfairDisplay-Italic.ttf",
                "BoldItalic": "PlayfairDisplay/PlayfairDisplay-BoldItalic.ttf"
            }
        },
        "Poppins": {
            "display_name": "Poppins",
            "category": "sans-serif",
            "use_case": ["general", "branding", "covers", "titles", "body_text"],
            "license": "licenses/Poppins-LICENSE.txt",
            "variants": {
                "Regular": "Poppins/Poppins-Regular.ttf",
                "Bold": "Poppins/Poppins-Bold.ttf",
                "Italic": "Poppins/Poppins-Italic.ttf",
                "BoldItalic": "Poppins/Poppins-BoldItalic.ttf"
            }
        },
        "Roboto": {
            "display_name": "Roboto Condensed",
            "category": "sans-serif",
            "use_case": ["general", "ebook", "wordsearch", "body_text"],
            "license": "licenses/Roboto-LICENSE.txt",
            "variants": {
                "Regular": "Roboto/Roboto-Regular.ttf",
                "Bold": "Roboto/Roboto-Bold.ttf",
                "Italic": "Roboto/Roboto-Italic.ttf",
                "BoldItalic": "Roboto/Roboto-BoldItalic.ttf"
            }
        }
    }
}